{"cameraMode":{"drawMode":0,"name":"Shaded","section":"Shading Mode"},"sceneLighting":false,"audioPlay":false,"sceneViewState":{"m_AlwaysRefresh":false,"showFog":true,"showSkybox":false,"showFlares":true,"showImageEffects":true,"showParticleSystems":true,"showVisualEffectGraphs":true,"m_FxEnabled":true},"in2DMode":false,"pivot":{"x":0.9602677822113037,"y":1.5947234630584717,"z":-3.5325143337249758},"rotation":{"x":-0.0022349620703607799,"y":-0.9946786761283875,"z":0.10061423480510712,"w":-0.02209370955824852},"size":4.327606201171875,"orthographic":false}